{
  "version": 1,
  "author": "Nguyễn Khắc Tùng",
  "editor": "wokwi",
  "parts": [
    { "type": "board-esp32-devkit-c-v4", "id": "esp", "top": 28.8, "left": 52.84, "attrs": {} },
    {
      "type": "wokwi-dht22",
      "id": "dht1",
      "top": 48.3,
      "left": -187.8,
      "attrs": { "temperature": "54.5", "humidity": "55.5" }
    },
    {
      "type": "wokwi-led",
      "id": "led1",
      "top": 102,
      "left": 483.8,
      "rotate": 90,
      "attrs": { "color": "red" }
    },
    { "type": "chip-mq135", "id": "chip1", "top": 250.62, "left": -110.4, "attrs": {} },
    {
      "type": "wokwi-buzzer",
      "id": "bz1",
      "top": -103.2,
      "left": 222.6,
      "attrs": { "volume": "0.1" }
    },
    { "type": "wokwi-relay-module", "id": "relay1", "top": 38.6, "left": 288, "attrs": {} },
    { "type": "chip-mq2", "id": "chip2", "top": 269.82, "left": 52.8, "attrs": {} },
    {
      "type": "chip-particlematter-sensor",
      "id": "chip3",
      "top": -8.58,
      "left": -100.8,
      "attrs": {}
    },
    { "type": "wokwi-relay-module", "id": "relay2", "top": 134.6, "left": 288, "attrs": {} }
  ],
  "connections": [
    [ "esp:TX", "$serialMonitor:RX", "", [] ],
    [ "esp:RX", "$serialMonitor:TX", "", [] ],
    [ "dht1:VCC", "esp:VIN", "red", [ "v0" ] ],
    [ "led1:A", "esp:D4", "blue", [ "v0" ] ],
    [ "chip1:OUT", "esp:D12", "orange", [ "h30.61", "v-95.3" ] ],
    [ "chip1:VCC", "esp:VIN", "red", [ "v-48", "h163.2" ] ],
    [ "dht1:SDA", "esp:D25", "green", [ "v0" ] ],
    [ "dht1:SDA", "esp:25", "green", [ "v9.6", "h86.5", "v-38.4" ] ],
    [ "dht1:VCC", "esp:5V", "red", [ "v76.8", "h86.01" ] ],
    [ "chip1:VCC", "esp:5V", "red", [ "h-9.6", "v-19.2", "h172.65" ] ],
    [ "bz1:1", "esp:GND.2", "black", [ "v0" ] ],
    [ "esp:GND.1", "chip1:GND", "black", [ "h0" ] ],
    [ "led1:C", "esp:GND.2", "black", [ "h-6.8", "v-102.8", "h-230.4", "v38.4" ] ],
    [ "dht1:GND", "esp:GND.1", "black", [ "v0" ] ],
    [ "chip2:VCC", "esp:5V", "red", [ "h0" ] ],
    [ "chip2:GND", "esp:GND.1", "black", [ "h-19.2", "v-105.6", "h19.05" ] ],
    [ "esp:13", "chip1:IN", "magenta", [ "h-47.85", "v76.8" ] ],
    [ "chip2:DO", "esp:D3", "orange", [ "h-38.4", "v-86.4", "h38.25" ] ],
    [ "esp:34", "chip2:AO", "blue", [ "h-28.65", "v211.2" ] ],
    [ "chip3:GND", "esp:GND.2", "black", [ "h-28.8", "v-67.2", "h278.4" ] ],
    [ "chip3:VCC", "esp:5V", "red", [ "h-19.2", "v240", "h172.65" ] ],
    [ "chip3:10OUT", "esp:VN", "green", [ "h11.41", "v76.8" ] ],
    [ "chip3:5OUT", "esp:35", "yellow", [ "h40.21", "v86.4" ] ],
    [ "esp:33", "chip3:2.5OUT", "green", [ "h0" ] ],
    [ "esp:32", "chip1:OUT", "green", [ "h0" ] ],
    [ "relay1:IN", "esp:2", "green", [ "h-76.8", "v76.6" ] ],
    [ "relay1:VCC", "esp:5V", "red", [ "h-19.2", "v192", "h-211.35" ] ],
    [ "relay1:GND", "esp:GND.2", "black", [ "h-9.6", "v-48.4" ] ],
    [ "relay1:COM", "esp:5V", "red", [ "h58.8", "v181", "h-403.35" ] ],
    [ "bz1:2", "relay1:NO", "green", [ "h210.8", "v136.2" ] ],
    [ "esp:4", "relay2:IN", "green", [ "h76.8", "h0", "v0.2" ] ],
    [ "esp:GND.2", "relay2:GND", "black", [ "h96", "v115.6" ] ],
    [ "relay2:VCC", "esp:5V", "red", [ "h-9.6", "v96", "h-220.95" ] ],
    [ "relay2:COM", "esp:5V", "red", [ "h58.8", "v85", "h-403.35" ] ],
    [ "led1:A", "relay2:NO", "green", [ "v0" ] ]
  ],
  "dependencies": {}
}