{
  "name": "particlematter-sensor",
  "author": "Khắc Tùng Nguyễn",
  "pins": [
    "VCC",
    "GND",
    "2.5OUT",
    "5OUT",
    "10OUT"
  ],
  "controls": [{
    "id": "pm25",
    "label": "PM2.5 Concentration (μg/m³)",
    "type": "range",
    "min": 0,
    "max": 100,
    "step": 1
  },
  {
    "id": "pm5",
    "label": "PM5 Concentration (μg/m³)",
    "type": "range",
    "min": 0,
    "max": 100,
    "step": 1
  },
  {
    "id": "pm10",
    "label": "PM10 Concentration (μg/m³)",
    "type": "range",
    "min": 0,
    "max": 100,
    "step": 1
  }]
}
